Application_ID,Potential_Candidate
ML0001,Potential
ML0002,Potential
ML0003,Potential
ML0004,Not Potential
ML0005,Potential
ML0006,Potential
ML0007,Not Potential
ML0008,Not Potential
ML0009,Potential
ML0010,Potential
ML0011,Not Potential
ML0012,Not Potential
ML0013,Potential
ML0014,Not Potential
ML0015,Not Potential
ML0016,Potential
ML0017,Potential
ML0018,Potential
ML0019,Not Potential
ML0020,Potential
ML0021,Potential
ML0022,Not Potential
ML0023,Potential
ML0024,Not Potential
ML0025,Potential
ML0026,Not Potential
ML0027,Potential
ML0028,Not Potential
ML0029,Potential
ML0030,Potential
ML0031,Potential
ML0032,Not Potential
ML0033,Not Potential
ML0034,Potential
ML0035,Potential
ML0036,Not Potential
ML0037,Potential
ML0038,Potential
ML0039,Potential
ML0040,Not Potential
ML0041,Not Potential
ML0042,Potential
ML0043,Not Potential
ML0044,Not Potential
ML0045,Not Potential
ML0046,Not Potential
ML0047,Potential
ML0048,Not Potential
ML0049,Potential
ML0050,Potential
ML0051,Not Potential
ML0052,Potential
ML0053,Potential
ML0054,Not Potential
ML0055,Potential
ML0056,Not Potential
ML0057,Not Potential
ML0058,Potential
ML0059,Not Potential
ML0060,Potential
ML0061,Not Potential
ML0062,Not Potential
ML0063,Not Potential
ML0064,Not Potential
ML0065,Not Potential
ML0066,Potential
ML0067,Potential
ML0068,Not Potential
ML0069,Not Potential
ML0070,Not Potential
ML0071,Potential
ML0072,Potential
ML0073,Not Potential
ML0074,Potential
ML0075,Not Potential
ML0076,Potential
ML0077,Not Potential
ML0078,Potential
ML0079,Not Potential
ML0080,Not Potential
ML0081,Potential
ML0082,Not Potential
ML0083,Potential
ML0084,Not Potential
ML0085,Not Potential
ML0086,Not Potential
ML0087,Not Potential
ML0088,Not Potential
ML0089,Potential
ML0090,Potential
ML0091,Not Potential
ML0092,Not Potential
ML0093,Not Potential
ML0094,Potential
ML0095,Potential
ML0096,Not Potential
ML0097,Potential
ML0098,Not Potential
ML0099,Potential
ML0100,Potential
ML0101,Potential
ML0102,Potential
ML0103,Not Potential
ML0104,Not Potential
ML0105,Not Potential
ML0106,Not Potential
ML0107,Not Potential
ML0108,Potential
ML0109,Potential
ML0110,Not Potential
ML0111,Potential
ML0112,Not Potential
ML0113,Potential
ML0114,Not Potential
ML0115,Not Potential
ML0116,Not Potential
ML0117,Potential
ML0118,Not Potential
ML0119,Potential
ML0120,Not Potential
ML0121,Potential
ML0122,Potential
ML0123,Potential
ML0124,Potential
ML0125,Potential
ML0126,Not Potential
ML0127,Not Potential
ML0128,Not Potential
ML0129,Not Potential
ML0130,Potential
ML0131,Not Potential
ML0132,Potential
ML0133,Not Potential
ML0134,Not Potential
ML0135,Potential
ML0136,Potential
ML0137,Potential
ML0138,Not Potential
ML0139,Potential
ML0140,Potential
ML0141,Potential
ML0142,Not Potential
ML0143,Potential
ML0144,Not Potential
ML0145,Potential
ML0146,Not Potential
ML0147,Potential
ML0148,Not Potential
ML0149,Not Potential
ML0150,Not Potential
ML0151,Potential
ML0152,Not Potential
ML0153,Not Potential
ML0154,Potential
ML0155,Potential
ML0156,Not Potential
ML0157,Potential
ML0158,Potential
ML0159,Potential
ML0160,Not Potential
ML0161,Not Potential
ML0162,Potential
ML0163,Not Potential
ML0164,Not Potential
ML0165,Not Potential
ML0166,Not Potential
ML0167,Potential
ML0168,Not Potential
ML0169,Potential
ML0170,Potential
ML0171,Not Potential
ML0172,Potential
ML0173,Not Potential
ML0174,Not Potential
ML0175,Potential
ML0176,Not Potential
ML0177,Not Potential
ML0178,Potential
ML0179,Potential
ML0180,Not Potential
ML0181,Potential
ML0182,Potential
ML0183,Potential
ML0184,Not Potential
ML0185,Not Potential
ML0186,Potential
ML0187,Not Potential
ML0188,Not Potential
ML0189,Not Potential
ML0190,Not Potential
ML0191,Potential
ML0192,Not Potential
ML0193,Potential
ML0194,Potential
ML0195,Not Potential
ML0196,Potential
ML0197,Not Potential
ML0198,Not Potential
ML0199,Potential
ML0200,Not Potential
ML0201,Not Potential
ML0202,Potential
ML0203,Potential
ML0204,Not Potential
ML0205,Potential
ML0206,Potential
ML0207,Potential
ML0208,Not Potential
ML0209,Not Potential
ML0210,Potential
ML0211,Not Potential
ML0212,Not Potential
ML0213,Not Potential
ML0214,Not Potential
ML0215,Potential
ML0216,Not Potential
ML0217,Potential
ML0218,Potential
ML0219,Not Potential
ML0220,Potential
ML0221,Potential
ML0222,Potential
ML0223,Potential
ML0224,Not Potential
ML0225,Potential
ML0226,Potential
ML0227,Not Potential
ML0228,Not Potential
ML0229,Potential
ML0230,Potential
ML0231,Not Potential
ML0232,Not Potential
ML0233,Potential
ML0234,Not Potential
ML0235,Not Potential
ML0236,Potential
ML0237,Potential
ML0238,Potential
ML0239,Not Potential
ML0240,Potential
ML0241,Potential
ML0242,Not Potential
ML0243,Potential
ML0244,Not Potential
ML0245,Potential
ML0246,Not Potential
ML0247,Potential
ML0248,Not Potential
ML0249,Potential
ML0250,Potential
ML0251,Potential
ML0252,Not Potential
ML0253,Not Potential
ML0254,Potential
ML0255,Potential
ML0256,Not Potential
ML0257,Potential
ML0258,Potential
ML0259,Potential
ML0260,Not Potential
ML0261,Not Potential
ML0262,Potential
ML0263,Not Potential
ML0264,Not Potential
ML0265,Not Potential
ML0266,Not Potential
ML0267,Potential
ML0268,Not Potential
ML0269,Potential
ML0270,Potential
ML0271,Not Potential
ML0272,Potential
ML0273,Potential
ML0274,Not Potential
ML0275,Potential
ML0276,Not Potential
ML0277,Not Potential
ML0278,Potential
ML0279,Not Potential
ML0280,Potential
ML0281,Not Potential
ML0282,Not Potential
ML0283,Not Potential
ML0284,Not Potential
ML0285,Not Potential
ML0286,Potential
ML0287,Potential
ML0288,Not Potential
ML0289,Not Potential
ML0290,Not Potential
ML0291,Potential
ML0292,Potential
ML0293,Not Potential
ML0294,Potential
ML0295,Not Potential
ML0296,Potential
ML0297,Not Potential
ML0298,Potential
ML0299,Not Potential
ML0300,Not Potential
ML0301,Potential
ML0302,Not Potential
ML0303,Potential
ML0304,Not Potential
ML0305,Not Potential
ML0306,Not Potential
ML0307,Not Potential
ML0308,Not Potential
ML0309,Potential
ML0310,Potential
ML0311,Not Potential
ML0312,Not Potential
ML0313,Not Potential
ML0314,Potential
ML0315,Potential
ML0316,Not Potential
ML0317,Potential
ML0318,Not Potential
ML0319,Potential
ML0320,Potential
ML0321,Potential
ML0322,Potential
ML0323,Not Potential
ML0324,Not Potential
ML0325,Not Potential
ML0326,Not Potential
ML0327,Not Potential
ML0328,Potential
ML0329,Potential
ML0330,Not Potential
ML0331,Potential
ML0332,Not Potential
ML0333,Potential
ML0334,Not Potential
ML0335,Not Potential
ML0336,Not Potential
ML0337,Potential
ML0338,Not Potential
ML0339,Potential
ML0340,Not Potential
ML0341,Potential
ML0342,Potential
ML0343,Potential
ML0344,Potential
ML0345,Potential
ML0346,Not Potential
ML0347,Not Potential
ML0348,Not Potential
ML0349,Not Potential
ML0350,Potential
ML0351,Not Potential
ML0352,Potential
ML0353,Not Potential
ML0354,Not Potential
ML0355,Potential
ML0356,Potential
ML0357,Potential
ML0358,Not Potential
ML0359,Potential
ML0360,Potential
ML0361,Potential
ML0362,Not Potential
ML0363,Potential
ML0364,Not Potential
ML0365,Potential
ML0366,Not Potential
ML0367,Potential
ML0368,Not Potential
ML0369,Not Potential
ML0370,Not Potential
ML0371,Potential
ML0372,Not Potential
ML0373,Not Potential
ML0374,Potential
ML0375,Potential
ML0376,Not Potential
ML0377,Potential
ML0378,Potential
ML0379,Potential
ML0380,Not Potential
ML0381,Not Potential
ML0382,Potential
ML0383,Not Potential
ML0384,Not Potential
ML0385,Not Potential
ML0386,Not Potential
ML0387,Potential
ML0388,Not Potential
ML0389,Potential
ML0390,Potential
ML0391,Not Potential
ML0392,Potential
